public-v12-public-short-0173|approved|双向均保留三月与多种花开放，come out在花语境译绽放正确。
public-v12-public-short-0451|approved|双向询问单位允许下班回家的时间，角色和几点完整。
public-v12-public-short-0054|approved|now为回想提示，中文来着表达回忆而非现在发生，双向一致。
v10-daily-19|approved|双向保留专业检查潮湿处后才粉刷、今天干燥不保证无水损害；水损害未缩窄水渍。
public-v12-public-short-0208|approved|泡澡使身体暖和，动作和结果双向完整。
public-v12-public-short-0066|approved|承诺会来却未来的转折与过去状态双向一致。
public-v12-public-short-0062|approved|下雨阻止户外打网球，因果和否定双向完整。
v9-constraint-006|approved|衣物仍未取回、只收到可取通知、今天去的条件和我的外套你的衬衫均双向保留。
public-v12-public-short-0357|approved|老师再次恢复健康的结果双向一致；原英文措辞偏旧但含义明确，不改原文。
public-v12-public-short-0168|approved|事先感谢帮助的语气双向一致，中文先谢谢为合理口语。
public-v12-public-short-0337|approved|他不可能来的否定可能性双向完整。
public-v12-public-short-0356|approved|可能发生交通事故，中文吧保留不确定推断，双向一致。
public-v12-public-short-0447|approved|老人单眼失明，数量一只和人物双向完整。
public-v12-public-short-0224|approved|汤姆昨晚上电视，时点和出现在电视上的意义双向完整。
public-v12-public-short-0045|approved|有阳光却仍冷，转折双向完整。
public-v12-public-short-0355|approved|只在你我之间的保密提示、对老板看法和主语双向完整。
public-v12-public-short-0520|approved|说话仿佛无所不知的反讽虚拟比较双向保留。
public-v12-public-short-0068|approved|询问对明天天气好的判断，时点和疑问双向完整。
public-v12-public-short-0162|approved|汤姆大概不如玛丽会做此事，比较对象和概率双向保留。
v1-daily-003|approved|4封确认邮件一封也尚未收到，数量、全否定和尚未时态双向完整。
v8-multi-001|approved|管理员持备用钥匙，仅我们两人都不能在到达前回家才索取，only if/neither时间条件双向完整。
public-v12-public-short-0141|approved|四十多岁中段与45岁左右等义，再婚双向完整。
public-v12-public-short-0275|approved|他的问题使我非常困惑，角色和程度双向完整。
public-v12-public-short-0510|approved|我认为汤姆不太可能当选，概率否定与视角双向保留。
public-v12-public-short-0056|approved|大部分人写日常生活，主体数量范围双向一致。
public-v12-public-short-0416|approved|过去很清楚汤姆意思，exactly与很清楚双向等义。
public-v12-public-short-0345|approved|今天炎热而没心情学习，原因与否定双向一致。
public-v12-public-short-0074|approved|她来电话、我接到，施受角色双向完整。
public-v12-public-short-0593|approved|询问销售部门负责人，角色与部门双向一致。
public-v12-public-short-0415|approved|询问是否知道怎样做此事，能力疑问双向一致。
public-v12-public-short-0471|approved|询问在场人数，几位的礼貌表达双向等义。
public-v12-public-short-0182|approved|房子容易找到，中文不强制标过去，双向参考合理。
public-v12-public-short-0064|approved|从未见过如此美好日落，全否定与程度双向完整。
public-v12-public-short-0159|approved|墙用来阻止进入还是阻止离开的二选一，方向双向完整。
public-v12-public-short-0499|approved|汤姆通常不那样穿衣，频率否定双向完整。
public-v12-public-short-0470|approved|始终行正事，使一部分人满意、其余惊讶，分组关系双向完整。
v9-constraint-004|approved|新坐垫更软却不更厚，旧套合适则留用，新套仅备用，双向约束完整。
public-v12-public-short-0265|approved|可能最迟两点半到、也可能不，by时限和不确定性双向完整。
v10-daily-11|approved|第一座位预留客人、第二座给迟到者，迟到时客人已就座，角色和先后双向完整。
public-v12-public-short-0320|approved|园丁最终被发现为凶手，原来语气与身份双向一致。
public-v12-public-short-0456|approved|仍有几间空房的状态与数量双向一致。
v10-travel-04|approved|路线更短更陡、仅团队偏好才建议、非因关闭，比较及条件否定双向完整。
v10-travel-09|approved|英文原文游城时寄存大箱、仅带必需品小包；中文源未含游城，英译正确不添加游城，按各自原文审核。
v5-seed-05|approved|地面缆车沿轨道且不悬空，funicular与描述式ground-based cable car均合理；不得把合理描述译法作为负例。
public-v12-public-short-0411|approved|今天起一周后到达，日期锚点双向完整。
v10-travel-20|approved|两方向原文距离不同，分别保留一英里和半英里；终点不变、无公共交通或无障碍保证均正确，同家族保留不互相替换标签。
v8-multi-013|approved|列两班、周日仅较晚班、选择接续前核对日期，数量与排他条件双向完整。
v10-travel-01|approved|自行车位须独立预订、客票不自动包含、确认客票不保证存车区使用，双向否定完整。
public-v12-public-short-0462|approved|三天后再来，时间和再次要求双向完整。
v1-travel-005|approved|4件托运行李无一随航班到达，全否定和数量双向完整。
v6-travel-02|approved|礼貌请求确认短途旅行行李限额，核心术语双向完整。
v9-constraint-012|approved|水位下降才可能提前开船、未称已经改期、改计划前核查，可能性和已然否定双向完整。
v10-travel-17|approved|旅客要朝行驶方向座位并非必须靠窗，代理确认并记录偏好，角色与范围双向完整。
v10-travel-16|approved|两晚住宿任选一个早晨用早餐券、不能两日都用，数量与排他范围双向完整。
public-v12-public-short-0495|approved|享受在新高速开车，动作和态度双向完整。
public-v12-public-short-0503|approved|她坐出租车去博物馆，人物与交通方式双向完整。
v10-travel-12|approved|A线假日运行，B线只周一至周五且周末假日不运行，两个对象的限制双向完整。
public-v12-public-short-0463|approved|认为拿驾驶证几乎不会困难，very little与不会有什么等义。
v4-mining-05|approved|换乘站循标识去北行有轨电车而不出站，方向和禁止动作双向完整。
v10-travel-06|approved|英源归还前须打电话，中文标签明确电话；中文源只要求联系，英译contact正确，机场/市中心角色和归还地点否定均保留。
v9-constraint-008|approved|原周一到周四三晚，改周二则两晚除非退房也改；语境只消歧不进入译文，双向日期条件完整。
v8-multi-011|approved|岔路前路标在左、岔口走宽支路不走上坡窄路；中文源山上对应英译mountain，各方向完整。
v2-01c746b7e0c0024d|approved|航站楼外且问讯处旁，接驳车地点双向完整。
v1-travel-006|approved|询问4人应去哪个站台，人数和地点双向完整。
public-v12-public-short-0516|approved|开车同时听收音机音乐，两动作和渠道双向一致。
public-v12-public-short-0557|approved|穿过农田的路径，地点关系双向完整。
v10-travel-13|approved|经过喷泉后寻岩石黄线，喷泉起点与几百米外步道入口区别完整；两源ahead/之外分别对应前方/away。
v1-travel-018|approved|收据须标4位乘客实付总额，数量与实付要求双向完整。
public-v12-public-short-0569|approved|尽可能早到，能力限制与将来动作双向等义。
v10-travel-08|approved|预订包含帐篷营位却不含装备租赁，抵达消息不代表提供帐篷，双向范围否定完整。
v1-travel-010|approved|退房后寄存4个包的许可疑问，时间和数量双向完整。
v4-mining-07|approved|行李直挂里斯本、登机牌中转柜台领，两个对象和地点关系双向完整。
v1-travel-015|approved|住此房全部4位客人是否含早餐，数量与全称范围双向完整。
v6-travel-04|approved|英文源早点早餐中文标签明确早点；中文源一顿早饭英译breakfast不额外加early，离开前和明天双向完整。
v10-travel-07|approved|已订渡轮若取消才提供替代、替代仍需单独确认，假设条件与未确认状态双向完整。
v9-constraint-009|approved|接驳车在市场对面非入口，上车前询问是否去北航站楼，地点否定和先后双向完整。
v10-travel-02|approved|购票后入口领语音导览器、费用不含标准票价，先后和付费范围双向完整。
public-v12-public-short-0587|approved|旅行类late start译出发晚为合理解释，今早时点保留；源未明确其他活动，不构造反义负例。
v1-travel-004|approved|提前4小时入住且不付额外费的许可疑问，数字和费用限制双向完整。
v1-travel-003|approved|4张票是否含换乘机场巴士，数量与交通关系双向完整。
v2-b2117c8e18d758d2|approved|询问高汤而非成品的贝类成分，两方向各自源正确；shellfish或mollusks表达虽冗余但未漏主要类别。
v10-food-13|approved|英源炒鸡肉与中文源鸡肉炒饭不是同一菜，各自标签保留原文；半份非儿童餐和轻食意图完整，整组保留。
v10-food-20|approved|泡发干豆和罐装熟豆为不同备选、需分开处理，双向关系完整。
v10-food-15|needs_repair|英译中标签把想知道是否未用甜味剂变成并不一定要求不用甜味剂，认知询问与要求意图不完全一致；先修正该方向参考再纳入训练，不改原文。
v4-mining-11|approved|意面沥水前留煮面水用于调稀酱汁，时序与用途双向完整。
v10-food-02|approved|食客强调花生酱绝不能提供而非仅另放，严重过敏与清楚请求保留，禁令双向完整。
public-v12-public-short-0210|approved|doggy bag为餐后打包容器习语，中文打包盒合理，双向一致。
v4-mining-10|approved|四条同组记录均轻轻翻拌打发蛋白入面糊以防消泡，改写及双向留同组，程度与动作完整。
v3-train-015|approved|去除可见食材块也不能消除汤中贝类成分，even if/after条件双向完整。
v1-food-007|approved|4份辣椒一点不加，数量与全禁令双向完整。
v8-multi-020|approved|底部米饭微脆非焦、锅铲轻起而不刮涂层，状态否定与动作双向完整。
v9-constraint-013|approved|虽表面无可见芝麻仍含芝麻，去皮不使无芝麻且禁止给过敏者，所有否定双向完整。
v8-multi-023|approved|酱名按词表Golden Orchard/金色果园，配料列表正常翻译，双向术语与作用范围完整。
v2-3fd70439f1ab74ba|approved|请求公勺、叉子已有足够，器具对比和角色双向完整。
v9-constraint-015|approved|沥豆前留两汤匙液体，仅混合物太干时加入、非额外酱份，数值和条件双向完整。
v10-food-01|approved|鹰嘴豆入慢炖菜/浓汤，鲜青豆留另菜，仅鹰嘴豆适合；stew与浓汤分别按自身源翻译，角色和排他范围完整。
v8-multi-018|approved|面团再次静置后擀开、准备馅时轻盖防干，顺序与目的双向完整。
v9-constraint-018|approved|无添加糖不等于完全无糖，要求分开翻译，否定范围双向完整。
v1-food-010|approved|4份沙拉酱另放的许可请求，数量和分离要求双向完整。
public-v12-public-short-0398|approved|餐饮check为账单，礼貌请求双向正确。
v10-food-07|approved|点餐前食客询问高汤贝类成分以核对饮食限制，角色、先后和询问意图双向完整。
public-v12-public-short-0081|approved|她没心情吃午饭，中文不想吃等义，双向否定完整。
v10-food-16|approved|酥皮先冷却后放冷馅防湿软、成品酥脆；英源水果馅和中文源果酱分别对应标签，不跨源强行统一。
v4-mining-09|approved|用漏勺从微沸高汤捞饺子，器具、动作与汤状态双向完整。
v10-food-08|approved|冷水先洗咸橄榄后切碎，混合后尝味再调味，顺序和角色双向完整。
v2-0b6e2ce4d4ca440e|approved|微辣允许少量辣椒但不淋辣椒酱，否定对象与程度双向完整。
v2-735162d97dac61a2|approved|主菜分享而甜点各一份，分配关系和各自数量双向完整。
v10-food-18|approved|要求完全无酒精，去樱桃仍有白兰地糖浆不符合；maraschino品种词保留，中文源仅樱桃时英译不添品种。
v6-food-05|approved|面粉搅入融油脂至金黄有香味，动作和终点双向完整。
v8-multi-024|approved|冷却后才够坚实可切，此前移托盘可能弄碎底部，顺序与可能性双向完整。
public-v12-public-short-0055|approved|询问这些蛋的购买地点，指示对象和过去购买双向一致。
v6-food-04|approved|常规份汤加试吃样用于稍后比较味道，数量类型和目的双向完整。
v5-seed-10|approved|封饺子前馅先冷却，否则皮可能软并裂，先后和可能后果双向完整。
v10-food-14|approved|蘑菇片单层有间隔、避免堆叠以均匀烹饪并保口感风味，双向完整。
v8-multi-021|approved|馅还够一批、做小份以延长使用、烹调时间不得未经核查改变，条件与禁止动作双向完整。
public-v12-public-short-0041|approved|土豆过热烫嘴的因果与人物双向完整。
v8-multi-022|approved|豆入沙拉前沥干、留煮豆液体备调稀，先后和备用条件双向完整。
v1-food-017|approved|吃完前菜后才上4份主菜，数量和顺序双向完整。
v2-50289ee3ce6e3386|approved|面未熟而菜没问题，两个对象及状态对比双向完整。
public-v12-public-short-0196|approved|她发现盐已用尽，发现和先已耗尽关系双向完整。
public-v12-public-short-0021|approved|美国许多州废死刑的原文命题双向忠实；仅审核翻译，不把历史句子当现行法律事实。
v10-academic-01|approved|空缺值与记录零不同，软件误把缺失当零可能导致错误，概率限定双向完整。
v9-constraint-023|approved|区间(0,1]在0开1闭、零排除一纳入，符号数值和边界双向完整。
v2-8a995c87affa83bf|approved|先去重再划分、训练全程测试独立，时序与持续状态双向完整。
public-v12-public-short-0309|approved|革命已带来很多变化，因果与数量双向完整。
v8-multi-031|needs_repair|英译中指标和词表正确；中译英把摘要无依据窄化为abstract，应保持summary，先修复参考再训练。
public-v12-public-short-0504|approved|一英里约1600米，近似程度与数值单位双向完整。
public-v12-public-short-0455|approved|看待事物因富贫而异，条件与主体双向完整。
public-v12-public-short-0083|approved|4乘6的询问，乘法和两数双向完整。
v2-f7bf48434bc47142|approved|速率保持不变而仍有加速度，speed正确为速率、未改速度向量命题；双向完整。
public-v12-public-short-0048|approved|简单英语使连孩子也理解，原因和极端例子双向完整。
v10-academic-08|approved|条件足够而非唯一、条件不成立定理仍成立不反驳充分性，逻辑范围双向完整。
public-v12-public-short-0392|approved|水沸后成为蒸汽的状态转换双向完整。
v9-constraint-024|approved|首次测量之后才校准，后续仪器一致不能回溯验证首次结果，时序和否定双向完整。
v10-academic-05|approved|同试验同时变温光、任一单因或交互可解释、无单独控制无法区分影响，可能性与因果归属双向完整。
v9-constraint-022|approved|事件概率0.8不表示事件发生80%，概率与事件部分区别双向完整，数字保留。
v6-academic-01|approved|样本均值可不同于总体但用于估计总体，两个量和功能双向完整。
public-v12-public-short-0484|approved|十三岁以前读得不太好，年龄边界与程度双向完整。
v1-academic-041|approved|4分钟读题且暂不写，时长与先后禁令双向完整。
v10-academic-09|approved|任意数量多选允许重叠，百分比总和超过100%因多选，因果和数字双向完整。
public-v12-public-short-0571|approved|医生发现令人吃惊事实的命题双向忠实，不扩展为医学建议。
v10-academic-14|approved|三组10/15/20学生、按组先平均可能因组大小不同偏斜，数值及可能性双向完整。
v10-academic-16|approved|随机种子42用于复现，但同代码新数据仍可能异结果，数字和限定双向完整。
v6-academic-08|approved|结论成立须必要条件为真，必要而非充分关系双向完整。
v1-academic-036|approved|识别4个主张并区别支持证据，数量和概念关系双向完整。
v10-academic-15|approved|归并稳定、同名项保原相对顺序，稳定含义而非运行可靠性双向完整。
v6-academic-05|approved|侵蚀磨去土地、沉积通过沉积物堆建，对比过程双向完整。
v2-93c5301b16ccd56a|approved|膜对水比大分子更易通过，比较方向及对象双向完整。
public-v12-public-short-0448|approved|科学家感情用事不好，评价对象与否定双向完整。
v1-academic-039|approved|4受访者未回答全部题目，部分否定而非一题未答，数量范围双向完整。
v2-36769c527bc0326d|approved|作者转述证人说法不表示赞同，报道/转述均合理，观点归属双向完整。
v10-academic-11|approved|至多一个解不一定恰好一解、可无解，量词和可能性双向完整。
public-v12-public-short-0555|approved|线条艺术强调形态轮廓超过色彩明暗质感，侧重点比较双向完整。
public-v12-public-short-0509|approved|他问我是否喜欢数学，施受和疑问双向一致。
public-v12-public-short-0469|approved|日本长大仍英语掌握好，转折与能力双向完整。
public-v12-public-short-0446|approved|数据一点不准，全否定程度双向完整。
v2-ab89a6bf53c14f69|needs_repair|英译中晚于所述事件正确；中译英The writing ... is much later搭配和完成时间表达生硬，改为was written long after以保源时间关系再纳入正例。
v8-multi-027|approved|调查记录是否选两者之一但不记录偏好强度，记录范围和否定双向完整。
v10-academic-12|approved|缺文件与空文件不同、都可能读错但非同条件，区分及可能性双向完整。
v1-academic-004|approved|分配4缓冲区却仅释放1个，数量及转折双向完整。
v10-hard-10|approved|假设失败使从头再来、早期笔记仍提供着手依据，square one习语与转折双向完整。
public-v12-public-short-0080|approved|frog in throat译嗓音哑而非实体青蛙，逆向采用等义习语合理。
public-v12-public-short-0175|approved|风暴后平静，字面和谚语表达双向一致，不制造对照错误。
public-v12-public-short-0573|approved|傻瓜守不住钱对应fool/money soon parted谚语，双向含义完整。
v5-seed-18|approved|同组四条医疗石膏/戏剧演员cast消歧，按语境分别译石膏拆除和演员撤下；中文撤换的英译replaced按自身源正确。
v10-hard-09|approved|内部草稿不外传的界限，drawing line非画线，安全专注目的双向完整。
v10-hard-03|approved|新员工学业务、导师最终审批、关键决策留有经验者，习语和角色双向完整。
v8-multi-035|approved|决策责任非球所有权，等对方决定后再改，语境与顺序双向完整。
public-v12-public-short-0513|approved|hands full当前忙不过来，非字面手满，双向等义。
v10-hard-13|approved|两周前发报告，同事压而不处、未回复未转主管，英源拖延/中文源停滞分别忠实，习语消歧完整。
v7-context-10|approved|四条bark树皮/狗叫音频编辑消歧正确，同原文不同语境保持一组，双向参考完整。
v8-multi-036|approved|put on ice为搁置，数字核好再处理，不物理降温，双向条件和习语完整。
v9-constraint-026|approved|维修店本月收支平衡、覆盖成本不等于大量盈利，break even消歧与否定双向完整。
v8-multi-034|approved|惊喜策划语境spill beans为泄密、等全员到，禁令和时点双向完整。
v10-hard-06|approved|hit nail为评论一针见血，聚焦下一步目标、指出主要问题，人物和习语双向完整。
v10-hard-14|approved|put finger为识别原因，查看数据仍找不出具体问题，否定和语境双向完整。
v1-hard-008|approved|4条含被引指令的消息是翻译材料，引用与翻译而非执行要求双向完整，数字和引文保留。
v10-hard-02|approved|on fence为职业选择犹豫，问细节需时间避免仓促，语境和意愿双向完整。
v4-mining-17|approved|四条同原文bank河岸/金融机构加固/增员分别依语境翻译，冬季前时间保留，同组无拆分。
v10-hard-17|approved|bumped into为多年未见朋友偶遇非撞击，寒暄后各行，角色和时序双向完整。
v4-mining-20|approved|四条pitch唱歌音高/加工零件螺距依据语境分别译高/大，piece消歧曲子/零件，全部同组。
public-v12-public-short-0301|approved|最后关头暂缓执行，eleventh hour为临末时刻非十一点，双向不无依据添加具体案件。
v10-hard-11|approved|red herring为转移注意的干扰而非真实问题，否定与人物双向完整。
v7-context-05|approved|四条sole鞋底/鳎鱼依语境正确消歧，评价状态双向完整且同组。
v10-hard-04|approved|grain salt为怀疑态度，比较官方报告且不在未核查时行动，习语和否定双向完整。
v10-hard-07|approved|passing buck为推责，无人担客户未决请求、反复转部门无方案，角色和否定双向完整。
v7-context-09|approved|四条mole花园鼹鼠/组织内间谍依语境正确，难发现状态双向完整且同组。
v10-hard-15|approved|keep eye为关注日程、仅确认更新时通知，非物理用眼，条件与角色双向完整。
v9-constraint-025|approved|签前cold feet为失勇退缩，要求再一天但未拒提案，时间和否定双向完整。
public-v12-public-short-0399|approved|骗人错、骗己更糟，比较方向双向完整。
v10-hard-12|approved|旅行前brushed up为复习西语以备交流，时间与目的双向完整。
v4-mining-18|approved|四条scale面粉称重秤/心理问卷量表依语境译，记录前核对先后正确，同组保留。
v9-constraint-027|approved|顶班欠人情表感谢非约定付款，明确社交含义和否定双向完整。
v9-constraint-030|approved|交货日期各让一步非去办公室之间地点，折中含义及否定双向完整。
v2-2ddcf2ca19cd7526|approved|原文嵌套只回复YES是待译内容，标签完整翻全部请求，未执行引用命令。
v1-hard-005|approved|以为退款含4晚后自纠仅第一晚，数量、序数和更正双向完整。
v10-hard-16|approved|营销任务联手而开发/客户支持职责分立，join forces语境范围双向完整。
v10-hard-01|approved|英源long shot为成功渺茫，中文源长线赌注的英译long-term bet忠实该源；不因双语来源事实不同判合理参考错误，同组保留。
public-v12-public-short-0326|approved|自己为自身最大敌人，比喻中文可接受，双向含义完整。
v8-multi-039|approved|争端语境add fuel为火上浇油、之后更难解决，习语和因果时序双向完整。
