v10-daily-19-zh-CN|major|no water damage仍缩窄为没有水渍，表面痕迹不等于结构或材料水损害，原错误未修好。|这家人决定推迟粉刷客厅的墙，直到专业人员检查过墙上的一个小潮湿区域。今天干燥的墙并不能保证没有水渍。
v5-seed-005-zh-CN|major|funicular仍误译人行道，与轨道车辆说明矛盾，设施类型错误。|缆车沿着山坡运行。它是一条人行道，所以车厢沿着轨道行驶，而不是悬挂在空中缆索上。
v10-travel-20-zh-CN|pass|新增一英里、目的地不变、公共交通和可达性未获保证均完整；可达性在无额外限定的本句为合理译法。|绕道增加了旅程中一英里的步行路程，但并没有改变最终目的地。路线上的公共交通或可达性没有做出任何保证。
v2-train-058-zh-CN|major|stock高汤仍变为这道菜，混淆被询问的汤底与成品，关键对象未修复。|即使成品中没有贝类，这道菜里是否含有贝类？
v10-food-13-zh-CN|major|食客角色正确，但chicken stir-fry误成鸡肉炒饭，菜品改变；一份半份还存在数量表述问题。|餐馆的顾客想要一份半份的鸡肉炒饭，而不是儿童套餐。他们想要同样的菜，只是更小一份，吃得更轻松一点。
v10-food-02-zh-CN|major|禁止上桌且不能只是放旁边的要求正确，critical消除；diner误为餐厅，提出安全请求的角色仍错误。|餐厅强调花生酱不能上桌，不能只放在一边。过敏反应很严重，请求也很明确。
v10-academic-01-zh-CN|major|缺失与零的区别保留，但could可能导致改为就会导致，分析后果的可能性被加强为确定性。|数据集中的缺失值以空白单元格表示，而零表示实际记录的值。如果软件将数据缺失误认为是零的测量值，就会导致分析错误。
v8-multi-031-zh-CN|major|measure研究指标仍误成措施，词表术语虽满足，语义对象类型不正确。|报告称这种措施为边界保留度。在摘要中，始终使用约定的术语，不要将其缩短为保留度，以免与其他措施混淆。
public-short-0080-zh-CN|major|嗓音沙哑习语仍直译喉咙卡青蛙，原意未表达。|我喉咙里卡着一只青蛙。
v5-seed-020-zh-CN|minor|演员对象已按戏剧语境修复，removed撤下仍变撤换，轻微增加替换暗示，与v17相同判定。|演员阵容已经撤换了。
v8-multi-035-zh-CN|pass|责任习语变成由对方决定，等待决定后才更改，角色、顺序及动作完整。|现在轮到你做决定。我们会在你做出决定之前不进行任何更改。
